{
  "base": {
    "pck_A": 0.5761403274013568,
    "pck_B": 0.5836615120990121,
    "cub_knn_A": 0.7380000352859497,
    "cub_map_A": 0.6815630197525024,
    "cub_knn_B": 0.7680000066757202,
    "cub_map_B": 0.6984999179840088,
    "air_knn_A": 0.2540000081062317,
    "air_map_A": 0.1968994289636612,
    "air_knn_B": 0.24400001764297485,
    "air_map_B": 0.18241043388843536
  },
  "cells": [
    {
      "cell": "last2:0.0003",
      "scope": "last2",
      "sigma": 0.0003,
      "params": 14178816,
      "n": 300,
      "tasks": {
        "air_knn": {
          "base_B": 0.24400001764297485,
          "mean_B": 0.2431333469847838,
          "p90_B": 0.2460000067949295,
          "max_B": 0.24800001084804535,
          "one_expert_B": 0.242000013589859,
          "one_expert_gain": -0.0020000040531158447,
          "rho_AB": 0.015059722885809841
        },
        "air_map": {
          "base_B": 0.18241043388843536,
          "mean_B": 0.18245620166261992,
          "p90_B": 0.18305724263191223,
          "max_B": 0.18384496867656708,
          "one_expert_B": 0.18251702189445496,
          "one_expert_gain": 0.00010658800601959229,
          "rho_AB": 0.4381679796442183
        },
        "cub_knn": {
          "base_B": 0.7680000066757202,
          "mean_B": 0.7695466919740042,
          "p90_B": 0.7720000147819519,
          "max_B": 0.7780000567436218,
          "one_expert_B": 0.7660000324249268,
          "one_expert_gain": -0.001999974250793457,
          "rho_AB": 0.03992755475060834
        },
        "cub_map": {
          "base_B": 0.6984999179840088,
          "mean_B": 0.6983058712879817,
          "p90_B": 0.6992084741592407,
          "max_B": 0.700444757938385,
          "one_expert_B": 0.6984339356422424,
          "one_expert_gain": -6.598234176635742e-05,
          "rho_AB": 0.17192457693974378
        },
        "pck": {
          "base_B": 0.5836615120990121,
          "mean_B": 0.5837825195175195,
          "p90_B": 0.5860348998223999,
          "max_B": 0.5885900835275835,
          "one_expert_B": 0.5846833374958375,
          "one_expert_gain": 0.001021825396825382,
          "rho_AB": 0.06955321725796954
        }
      },
      "cross_task_rho": {
        "air_knn~air_map": 0.07101812242358248,
        "air_knn~cub_knn": -0.11129368104090046,
        "air_knn~cub_map": -0.09874598606651185,
        "air_knn~pck": -0.07259458438427094,
        "air_map~cub_knn": 0.10314914610162335,
        "air_map~cub_map": -0.00475516394626607,
        "air_map~pck": -0.08608806764519605,
        "cub_knn~cub_map": 0.09966155179501994,
        "cub_knn~pck": -0.07365948510539005,
        "cub_map~pck": 0.01938288203202258
      }
    },
    {
      "cell": "last2:0.001",
      "scope": "last2",
      "sigma": 0.001,
      "params": 14178816,
      "n": 300,
      "tasks": {
        "air_knn": {
          "base_B": 0.24400001764297485,
          "mean_B": 0.24400667682290078,
          "p90_B": 0.25,
          "max_B": 0.25600001215934753,
          "one_expert_B": 0.2460000067949295,
          "one_expert_gain": 0.001999989151954651,
          "rho_AB": 0.1084669829664774
        },
        "air_map": {
          "base_B": 0.18241043388843536,
          "mean_B": 0.18282096534967424,
          "p90_B": 0.1844285622239113,
          "max_B": 0.18596303462982178,
          "one_expert_B": 0.1854177862405777,
          "one_expert_gain": 0.003007352352142334,
          "rho_AB": 0.712266580739786
        },
        "cub_knn": {
          "base_B": 0.7680000066757202,
          "mean_B": 0.7696800313393275,
          "p90_B": 0.7760000228881836,
          "max_B": 0.7820000648498535,
          "one_expert_B": 0.7780000567436218,
          "one_expert_gain": 0.010000050067901611,
          "rho_AB": 0.09104056711741242
        },
        "cub_map": {
          "base_B": 0.6984999179840088,
          "mean_B": 0.6968904956181844,
          "p90_B": 0.6994176030158996,
          "max_B": 0.7015746831893921,
          "one_expert_B": 0.6981491446495056,
          "one_expert_gain": -0.00035077333450317383,
          "rho_AB": 0.32841742686029846
        },
        "pck": {
          "base_B": 0.5836615120990121,
          "mean_B": 0.5845466601222851,
          "p90_B": 0.5898694284881785,
          "max_B": 0.5947934565434566,
          "one_expert_B": 0.5894634046509046,
          "one_expert_gain": 0.005801892551892562,
          "rho_AB": 0.03726841409348993
        }
      },
      "cross_task_rho": {
        "air_knn~air_map": 0.3367752975033056,
        "air_knn~cub_knn": -0.1267231858131757,
        "air_knn~cub_map": 0.0879214213491261,
        "air_knn~pck": 0.04623473594151046,
        "air_map~cub_knn": -0.148681207568973,
        "air_map~cub_map": 0.026691407682307582,
        "air_map~pck": 0.061059345103834484,
        "cub_knn~cub_map": 0.260193113256814,
        "cub_knn~pck": -0.032695918843542705,
        "cub_map~pck": 0.061897576639740444
      }
    },
    {
      "cell": "last2:0.003",
      "scope": "last2",
      "sigma": 0.003,
      "params": 14178816,
      "n": 300,
      "tasks": {
        "air_knn": {
          "base_B": 0.24400001764297485,
          "mean_B": 0.252820009936889,
          "p90_B": 0.2639999985694885,
          "max_B": 0.2800000011920929,
          "one_expert_B": 0.27000001072883606,
          "one_expert_gain": 0.025999993085861206,
          "rho_AB": 0.33527483638707095
        },
        "air_map": {
          "base_B": 0.18241043388843536,
          "mean_B": 0.1842035939792792,
          "p90_B": 0.18813908249139785,
          "max_B": 0.1930244266986847,
          "one_expert_B": 0.1930244266986847,
          "one_expert_gain": 0.010613992810249329,
          "rho_AB": 0.8462916254625051
        },
        "cub_knn": {
          "base_B": 0.7680000066757202,
          "mean_B": 0.7591600338617961,
          "p90_B": 0.7700000405311584,
          "max_B": 0.7820000648498535,
          "one_expert_B": 0.7660000324249268,
          "one_expert_gain": -0.001999974250793457,
          "rho_AB": 0.2224255825064723
        },
        "cub_map": {
          "base_B": 0.6984999179840088,
          "mean_B": 0.6861142859856287,
          "p90_B": 0.6918842196464539,
          "max_B": 0.7006545066833496,
          "one_expert_B": 0.6999144554138184,
          "one_expert_gain": 0.0014145374298095703,
          "rho_AB": 0.5230160335114835
        },
        "pck": {
          "base_B": 0.5836615120990121,
          "mean_B": 0.5812732640970141,
          "p90_B": 0.5915761224886225,
          "max_B": 0.6069715423465424,
          "one_expert_B": 0.5863617562992564,
          "one_expert_gain": 0.002700244200244284,
          "rho_AB": 0.11596173290814342
        }
      },
      "cross_task_rho": {
        "air_knn~air_map": 0.5529123656929521,
        "air_knn~cub_knn": -0.075809286769853,
        "air_knn~cub_map": -0.03757063967377415,
        "air_knn~pck": 0.05359081767575195,
        "air_map~cub_knn": 0.03362615140168224,
        "air_map~cub_map": 0.01752330581450905,
        "air_map~pck": 0.048356981744241606,
        "cub_knn~cub_map": 0.5615302392248803,
        "cub_knn~pck": -0.02673807486749853,
        "cub_map~pck": -0.019701107790086558
      }
    }
  ]
}