{
  "base": {
    "pck_A": 0.5761403274013568,
    "pck_B": 0.5836615120990121,
    "cub_knn_A": 0.7620000243186951,
    "cub_map_A": 0.6931437253952026,
    "cub_knn_B": 0.7400000095367432,
    "cub_map_B": 0.6873119473457336,
    "air_knn_A": 0.24400001764297485,
    "air_map_A": 0.19415275752544403,
    "air_knn_B": 0.23200000822544098,
    "air_map_B": 0.18627531826496124
  },
  "cells": [
    {
      "cell": "all:0.0001",
      "scope": "all",
      "sigma": 0.0001,
      "params": 86581249,
      "n": 300,
      "tasks": {
        "air_knn": {
          "base_B": 0.23200000822544098,
          "mean_B": 0.23522667745749157,
          "p90_B": 0.24000000953674316,
          "max_B": 0.24800001084804535,
          "one_expert_B": 0.24000000953674316,
          "one_expert_gain": 0.008000001311302185,
          "rho_AB": 0.1085420949121657
        },
        "air_map": {
          "base_B": 0.18627531826496124,
          "mean_B": 0.186883491029342,
          "p90_B": 0.18755952417850494,
          "max_B": 0.18844051659107208,
          "one_expert_B": 0.18745042383670807,
          "one_expert_gain": 0.0011751055717468262,
          "rho_AB": 0.16045911621240236
        },
        "cub_knn": {
          "base_B": 0.7400000095367432,
          "mean_B": 0.740240033864975,
          "p90_B": 0.7440000176429749,
          "max_B": 0.7520000338554382,
          "one_expert_B": 0.7420000433921814,
          "one_expert_gain": 0.0020000338554382324,
          "rho_AB": 0.009719219102434472
        },
        "cub_map": {
          "base_B": 0.6873119473457336,
          "mean_B": 0.6865593262513479,
          "p90_B": 0.6878720641136169,
          "max_B": 0.6889356970787048,
          "one_expert_B": 0.6855024099349976,
          "one_expert_gain": -0.001809537410736084,
          "rho_AB": 0.12178757541750464
        },
        "pck": {
          "base_B": 0.5836615120990121,
          "mean_B": 0.5845448068598068,
          "p90_B": 0.588244175962926,
          "max_B": 0.5940237123987123,
          "one_expert_B": 0.5886360445110445,
          "one_expert_gain": 0.004974532412032384,
          "rho_AB": 0.22624740274891944
        }
      },
      "cross_task_rho": {
        "air_knn~air_map": 0.2516459071767464,
        "air_knn~cub_knn": -0.06677229746997189,
        "air_knn~cub_map": -0.16662362915143503,
        "air_knn~pck": 0.08548539428215869,
        "air_map~cub_knn": 0.04259291769908555,
        "air_map~cub_map": -0.05724774719719108,
        "air_map~pck": -0.05561928465871843,
        "cub_knn~cub_map": 0.05658285092056579,
        "cub_knn~pck": 0.005637395971066345,
        "cub_map~pck": 0.05164812942366026
      }
    },
    {
      "cell": "all:0.0003",
      "scope": "all",
      "sigma": 0.0003,
      "params": 86581249,
      "n": 300,
      "tasks": {
        "air_knn": {
          "base_B": 0.23200000822544098,
          "mean_B": 0.23851334437727928,
          "p90_B": 0.2460000067949295,
          "max_B": 0.25200000405311584,
          "one_expert_B": 0.24800001084804535,
          "one_expert_gain": 0.01600000262260437,
          "rho_AB": 0.13534150379448662
        },
        "air_map": {
          "base_B": 0.18627531826496124,
          "mean_B": 0.18594923630356788,
          "p90_B": 0.1872357726097107,
          "max_B": 0.1912233680486679,
          "one_expert_B": 0.18531928956508636,
          "one_expert_gain": -0.0009560286998748779,
          "rho_AB": 0.1649351659462883
        },
        "cub_knn": {
          "base_B": 0.7400000095367432,
          "mean_B": 0.7410133695602417,
          "p90_B": 0.7480000257492065,
          "max_B": 0.7560000419616699,
          "one_expert_B": 0.7440000176429749,
          "one_expert_gain": 0.0040000081062316895,
          "rho_AB": -0.03884398715541284
        },
        "cub_map": {
          "base_B": 0.6873119473457336,
          "mean_B": 0.684134770433108,
          "p90_B": 0.6864937305450439,
          "max_B": 0.6883453130722046,
          "one_expert_B": 0.681658148765564,
          "one_expert_gain": -0.005653798580169678,
          "rho_AB": 0.09121568017422416
        },
        "pck": {
          "base_B": 0.5836615120990121,
          "mean_B": 0.5839745404364155,
          "p90_B": 0.5912167443667444,
          "max_B": 0.598884552947053,
          "one_expert_B": 0.5837517135642135,
          "one_expert_gain": 9.02014652014449e-05,
          "rho_AB": 0.22648562761808463
        }
      },
      "cross_task_rho": {
        "air_knn~air_map": 0.29907443416037954,
        "air_knn~cub_knn": 0.08566584073156368,
        "air_knn~cub_map": 0.05184279825331393,
        "air_knn~pck": 0.022898476649740554,
        "air_map~cub_knn": 0.005016055733952599,
        "air_map~cub_map": 0.07505950066111845,
        "air_map~pck": 0.009766330737008189,
        "cub_knn~cub_map": 0.18255802842253802,
        "cub_knn~pck": 0.12317914643496039,
        "cub_map~pck": 0.06950610562339582
      }
    },
    {
      "cell": "all:0.001",
      "scope": "all",
      "sigma": 0.001,
      "params": 86581249,
      "n": 300,
      "tasks": {
        "air_knn": {
          "base_B": 0.23200000822544098,
          "mean_B": 0.2345600102841854,
          "p90_B": 0.24800001084804535,
          "max_B": 0.27000001072883606,
          "one_expert_B": 0.242000013589859,
          "one_expert_gain": 0.01000000536441803,
          "rho_AB": 0.25339481549794995
        },
        "air_map": {
          "base_B": 0.18627531826496124,
          "mean_B": 0.1703065658112367,
          "p90_B": 0.17762075811624528,
          "max_B": 0.18270336091518402,
          "one_expert_B": 0.18121977150440216,
          "one_expert_gain": -0.005055546760559082,
          "rho_AB": 0.8017004633384816
        },
        "cub_knn": {
          "base_B": 0.7400000095367432,
          "mean_B": 0.6904733655850093,
          "p90_B": 0.7140000462532043,
          "max_B": 0.7360000610351562,
          "one_expert_B": 0.6840000152587891,
          "one_expert_gain": -0.0559999942779541,
          "rho_AB": 0.5976590851009456
        },
        "cub_map": {
          "base_B": 0.6873119473457336,
          "mean_B": 0.6176569376389186,
          "p90_B": 0.6357590734958649,
          "max_B": 0.6483621001243591,
          "one_expert_B": 0.6471237540245056,
          "one_expert_gain": -0.04018819332122803,
          "rho_AB": 0.8792217691307681
        },
        "pck": {
          "base_B": 0.5836615120990121,
          "mean_B": 0.5377827061364561,
          "p90_B": 0.5627132388444888,
          "max_B": 0.5920392871017871,
          "one_expert_B": 0.5550711649461649,
          "one_expert_gain": -0.02859034715284714,
          "rho_AB": 0.6967237413749041
        }
      },
      "cross_task_rho": {
        "air_knn~air_map": 0.5744299381104234,
        "air_knn~cub_knn": 0.250065445171613,
        "air_knn~cub_map": 0.26854120601340015,
        "air_knn~pck": 0.2647131634795942,
        "air_map~cub_knn": 0.4818231313681263,
        "air_map~cub_map": 0.5952048356092845,
        "air_map~pck": 0.5074283047589417,
        "cub_knn~cub_map": 0.7948728319203546,
        "cub_knn~pck": 0.538153979488661,
        "cub_map~pck": 0.6956761741797131
      }
    }
  ]
}