{
  "base": {
    "pck_A": 0.5761403274013568,
    "pck_B": 0.5836615120990121,
    "cub_knn_A": 0.7560000419616699,
    "cub_map_A": 0.6958980560302734,
    "cub_knn_B": 0.7540000081062317,
    "cub_map_B": 0.6893752217292786,
    "air_knn_A": 0.25600001215934753,
    "air_map_A": 0.2046717256307602,
    "air_knn_B": 0.25200000405311584,
    "air_map_B": 0.19357328116893768
  },
  "cells": [
    {
      "cell": "last1:0.0003",
      "scope": "last1",
      "sigma": 0.0003,
      "params": 7089408,
      "n": 300,
      "tasks": {
        "air_knn": {
          "base_B": 0.25200000405311584,
          "mean_B": 0.2508600054184596,
          "p90_B": 0.2540000081062317,
          "max_B": 0.2580000162124634,
          "one_expert_B": 0.24800001084804535,
          "one_expert_gain": -0.003999993205070496,
          "rho_AB": -0.07007855642840476
        },
        "air_map": {
          "base_B": 0.19357328116893768,
          "mean_B": 0.19362551088134447,
          "p90_B": 0.19398780018091202,
          "max_B": 0.19440506398677826,
          "one_expert_B": 0.19418348371982574,
          "one_expert_gain": 0.0006102025508880615,
          "rho_AB": 0.2942334914832387
        },
        "cub_knn": {
          "base_B": 0.7540000081062317,
          "mean_B": 0.754733359615008,
          "p90_B": 0.7580000162124634,
          "max_B": 0.7600000500679016,
          "one_expert_B": 0.7540000081062317,
          "one_expert_gain": 0.0,
          "rho_AB": -0.06217669085212058
        },
        "cub_map": {
          "base_B": 0.6893752217292786,
          "mean_B": 0.6890287117163341,
          "p90_B": 0.6896998047828674,
          "max_B": 0.6905045509338379,
          "one_expert_B": 0.6893966794013977,
          "one_expert_gain": 2.1457672119140625e-05,
          "rho_AB": 0.015537505972288581
        },
        "pck": {
          "base_B": 0.5836615120990121,
          "mean_B": 0.5835845538258038,
          "p90_B": 0.5852406482406483,
          "max_B": 0.5873248973248973,
          "one_expert_B": 0.5837405719280719,
          "one_expert_gain": 7.905982905986875e-05,
          "rho_AB": -0.028583873154146157
        }
      },
      "cross_task_rho": {
        "air_knn~air_map": 0.10678518650207225,
        "air_knn~cub_knn": 0.07270836342626029,
        "air_knn~cub_map": 0.014703718930210335,
        "air_knn~pck": 0.0014209046767186303,
        "air_map~cub_knn": 0.0880605340059334,
        "air_map~cub_map": -0.04155912843476039,
        "air_map~pck": -0.07366881854242825,
        "cub_knn~cub_map": 0.025459838442649364,
        "cub_knn~pck": 0.03118523539150435,
        "cub_map~pck": 0.08301425571395238
      }
    },
    {
      "cell": "last1:0.001",
      "scope": "last1",
      "sigma": 0.001,
      "params": 7089408,
      "n": 300,
      "tasks": {
        "air_knn": {
          "base_B": 0.25200000405311584,
          "mean_B": 0.2523333415885766,
          "p90_B": 0.2580000162124634,
          "max_B": 0.2639999985694885,
          "one_expert_B": 0.25600001215934753,
          "one_expert_gain": 0.0040000081062316895,
          "rho_AB": 0.06690074334159268
        },
        "air_map": {
          "base_B": 0.19357328116893768,
          "mean_B": 0.1935192237297694,
          "p90_B": 0.19430795609951018,
          "max_B": 0.19536039233207703,
          "one_expert_B": 0.19351334869861603,
          "one_expert_gain": -5.9932470321655273e-05,
          "rho_AB": 0.5358588428760319
        },
        "cub_knn": {
          "base_B": 0.7540000081062317,
          "mean_B": 0.7558866981665293,
          "p90_B": 0.7600000500679016,
          "max_B": 0.7700000405311584,
          "one_expert_B": 0.7540000081062317,
          "one_expert_gain": 0.0,
          "rho_AB": 0.056607295636618184
        },
        "cub_map": {
          "base_B": 0.6893752217292786,
          "mean_B": 0.6889960505565007,
          "p90_B": 0.6904037773609162,
          "max_B": 0.692163348197937,
          "one_expert_B": 0.6903815269470215,
          "one_expert_gain": 0.00100630521774292,
          "rho_AB": 0.10184868720763564
        },
        "pck": {
          "base_B": 0.5836615120990121,
          "mean_B": 0.5839087955100455,
          "p90_B": 0.5872451173826173,
          "max_B": 0.5913682428682429,
          "one_expert_B": 0.5851267898767899,
          "one_expert_gain": 0.0014652777777778292,
          "rho_AB": 0.04867387415415727
        }
      },
      "cross_task_rho": {
        "air_knn~air_map": 0.26824298047756084,
        "air_knn~cub_knn": -0.055835731508127866,
        "air_knn~cub_map": -0.07762308470094112,
        "air_knn~pck": -0.07956755075056389,
        "air_map~cub_knn": 0.031060345114945723,
        "air_map~cub_map": -0.03243547150523895,
        "air_map~pck": 0.028240313781264237,
        "cub_knn~cub_map": 0.157530194779942,
        "cub_knn~pck": 0.09797886643184925,
        "cub_map~pck": 0.043034700385559836
      }
    },
    {
      "cell": "last1:0.003",
      "scope": "last1",
      "sigma": 0.003,
      "params": 7089408,
      "n": 300,
      "tasks": {
        "air_knn": {
          "base_B": 0.25200000405311584,
          "mean_B": 0.2513333423435688,
          "p90_B": 0.2600000202655792,
          "max_B": 0.27000001072883606,
          "one_expert_B": 0.25200000405311584,
          "one_expert_gain": 0.0,
          "rho_AB": 0.1137399304436716
        },
        "air_map": {
          "base_B": 0.19357328116893768,
          "mean_B": 0.1922090112666289,
          "p90_B": 0.19407292157411576,
          "max_B": 0.19638347625732422,
          "one_expert_B": 0.19562964141368866,
          "one_expert_gain": 0.0020563602447509766,
          "rho_AB": 0.7101745574950833
        },
        "cub_knn": {
          "base_B": 0.7540000081062317,
          "mean_B": 0.7536933674414953,
          "p90_B": 0.7620000243186951,
          "max_B": 0.7760000228881836,
          "one_expert_B": 0.7600000500679016,
          "one_expert_gain": 0.006000041961669922,
          "rho_AB": 0.1154012822364693
        },
        "cub_map": {
          "base_B": 0.6893752217292786,
          "mean_B": 0.6865450501441955,
          "p90_B": 0.689970737695694,
          "max_B": 0.6935832500457764,
          "one_expert_B": 0.6852803230285645,
          "one_expert_gain": -0.004094898700714111,
          "rho_AB": 0.24470049667218524
        },
        "pck": {
          "base_B": 0.5836615120990121,
          "mean_B": 0.583027134994635,
          "p90_B": 0.5894481657231657,
          "max_B": 0.5965792263292263,
          "one_expert_B": 0.5888411519036519,
          "one_expert_gain": 0.005179639804639868,
          "rho_AB": 0.10382337581528683
        }
      },
      "cross_task_rho": {
        "air_knn~air_map": 0.3391064345159391,
        "air_knn~cub_knn": 0.015834842609362326,
        "air_knn~cub_map": 0.00013911265680729786,
        "air_knn~pck": 0.03894443271591907,
        "air_map~cub_knn": -0.063136257069523,
        "air_map~cub_map": 0.01363304036711519,
        "air_map~pck": -0.01934465938510428,
        "cub_knn~cub_map": 0.4264691829909221,
        "cub_knn~pck": -0.083946266069623,
        "cub_map~pck": 0.042684474271936355
      }
    },
    {
      "cell": "last1:0.01",
      "scope": "last1",
      "sigma": 0.01,
      "params": 7089408,
      "n": 300,
      "tasks": {
        "air_knn": {
          "base_B": 0.25200000405311584,
          "mean_B": 0.2532333438098431,
          "p90_B": 0.2680000066757202,
          "max_B": 0.28600001335144043,
          "one_expert_B": 0.2760000228881836,
          "one_expert_gain": 0.02400001883506775,
          "rho_AB": 0.4727372526361404
        },
        "air_map": {
          "base_B": 0.19357328116893768,
          "mean_B": 0.18540958811839423,
          "p90_B": 0.19168461114168167,
          "max_B": 0.19804811477661133,
          "one_expert_B": 0.196647509932518,
          "one_expert_gain": 0.0030742287635803223,